[
{
  "pk": 1,
  "model": "vote.show",
  "fields": {
    "showtime": "2012-08-25T21:00:00Z",
    "end": "2012-08-25T23:00:00Z"
  }
},
{
  "pk": 4,
  "model": "vote.show",
  "fields": {
    "showtime": "2012-09-15T21:00:00Z",
    "end": "2012-09-15T23:00:00Z"
  }
},
{
  "pk": 5,
  "model": "vote.show",
  "fields": {
    "showtime": "2012-09-22T21:00:00Z",
    "end": "2012-09-22T23:00:00Z"
  }
},
{
  "pk": 6,
  "model": "vote.show",
  "fields": {
    "showtime": "2012-09-29T21:00:00Z",
    "end": "2012-09-29T23:00:00Z"
  }
},
{
  "pk": 7,
  "model": "vote.show",
  "fields": {
    "showtime": "2012-10-06T21:00:00Z",
    "end": "2012-10-06T23:00:00Z"
  }
},
{
  "pk": 8,
  "model": "vote.show",
  "fields": {
    "showtime": "2012-10-13T21:00:00Z",
    "end": "2012-10-13T23:00:00Z"
  }
},
{
  "pk": 73,
  "model": "vote.show",
  "fields": {
    "showtime": "2013-12-21T21:00:00Z",
    "end": "2013-12-21T23:00:00Z"
  }
},

{
  "pk": 77,
  "model": "vote.show",
  "fields": {
    "showtime": "2014-02-01T21:00:00Z",
    "end": "2014-02-01T23:00:00Z"
  }
},
{
  "pk": 78,
  "model": "vote.show",
  "fields": {
    "showtime": "2014-02-08T21:00:00Z",
    "end": "2014-02-08T23:00:00Z"
  }
},
{
  "pk": 79,
  "model": "vote.show",
  "fields": {
    "showtime": "2014-02-22T21:00:00Z",
    "end": "3041-02-22T23:00:00Z"
  }
},
{
  "pk": 1,
  "model": "vote.twitteruser",
  "fields": {
    "user_image": "http://pbs.twimg.com/profile_images/418033226603438081/ah6-DWOE_normal.jpeg",
    "updated": "2014-02-20T09:22:01Z",
    "user_id": 46162630,
    "screen_name": "EuricaeriS",
    "is_abuser": false,
    "name": "Chris Walden"
  }
},
{
  "pk": 2,
  "model": "vote.twitteruser",
  "fields": {
    "user_image": "http://pbs.twimg.com/profile_images/1756450224/mftb_avatar_flat_normal.png",
    "updated": "2014-02-20T20:37:26Z",
    "user_id": 15089349,
    "screen_name": "mftb",
    "is_abuser": false,
    "name": "Iain Dawson"
  }
},
{
  "pk": "0007C3F2760E0541",
  "model": "vote.track",
  "fields": {
    "id3_artist": "Hikasa Youko",
    "added": "2012-12-15T18:51:21Z",
    "inudesu": false,
    "msec": 225044,
    "id3_title": "Canpeki Shinakya! (RO-KYU-BU! Character Song: Saki)",
    "hidden": false,
    "id3_album": "RO-KYU-BU! Character Songs 03 - Nagatsuka Saki",
    "revealed": "2012-12-15T18:51:21Z"
  }
},
{
  "pk": "001D8E8B3A5DDDB9",
  "model": "vote.track",
  "fields": {
    "id3_artist": "Sakurai Tomo",
    "added": "2010-12-03T17:24:49Z",
    "inudesu": false,
    "msec": 216894,
    "id3_title": "Hajimete no iro (The World God Only Knows EP4 Insert)",
    "hidden": false,
    "id3_album": "Kami Nomi zo Shury Sekai Character CD. - Asuka Sora",
    "revealed": "2010-12-03T17:24:49Z"
  }
},
{
  "pk": "0028E1FE6D1141B7",
  "model": "vote.track",
  "fields": {
    "id3_artist": "Kobayashi Yuu",
    "added": "2011-05-25T12:24:48Z",
    "inudesu": false,
    "msec": 238393,
    "id3_title": "Runrunriru Ranranrara (Maria Holic Alive OP)",
    "hidden": false,
    "id3_album": "Maria Holic Alive OP and ED Album - Runrunriru Ranranrara",
    "revealed": "2011-05-25T12:24:48Z"
  }
},
{
  "pk": "00340A1B035648A9",
  "model": "vote.track",
  "fields": {
    "id3_artist": "Suzaki Aya",
    "added": "2013-01-26T12:39:37Z",
    "inudesu": false,
    "msec": 232907,
    "id3_title": "Neguse (Tamako Market ED)",
    "hidden": false,
    "id3_album": "Tamako Market ED Single - Neguse",
    "revealed": "2013-01-26T12:39:37Z"
  }
},
{
  "pk": "00555AF6AC71CB70",
  "model": "vote.track",
  "fields": {
    "id3_artist": "Death in Vegas",
    "added": "2011-03-19T19:12:21Z",
    "inudesu": false,
    "msec": 305893,
    "id3_title": "Hands Around My Throat (Animatrix \"Beyond\" Insert)",
    "hidden": false,
    "id3_album": "The Animatrix - The Album (OST)",
    "revealed": "2011-03-19T19:12:21Z"
  }
},
{
  "pk": "00590FF313BD5557",
  "model": "vote.track",
  "fields": {
    "id3_artist": "Girls Dead Monster (LiSA Singing)",
    "added": "2010-12-05T12:55:06Z",
    "inudesu": false,
    "msec": 293146,
    "id3_title": "Day Game (Angel Beats Character Song: Girls Dead Monster)",
    "hidden": false,
    "id3_album": "Ichiban no Takaramono ~Yui final ver.~",
    "revealed": "2010-12-05T12:55:06Z"
  }
},
{
  "pk": "00D12BB6D5ED72A7",
  "model": "vote.track",
  "fields": {
    "id3_artist": "FUNKIST",
    "added": "2012-11-16T00:05:05Z",
    "inudesu": false,
    "msec": 211905,
    "id3_title": "ft. (Fairy Tail OP3)",
    "hidden": false,
    "id3_album": "Fairy Tail OP ED Theme Songs Vol.1",
    "revealed": "2012-11-16T00:05:05Z"
  }
},

{
  "pk": "5F15E02D65C1DD39",
  "model": "vote.track",
  "fields": {
    "id3_title": "God knows...",
    "id3_artist": "Hirano Aya",
    "id3_album": "The Melancholy of Haruhi Suzumiya Insert",
    "msec": 279092,
    "added": "2012-11-16T00:05:05Z",
    "revealed": "2012-11-16T00:05:05Z",
    "hidden": false,
    "inudesu": false,
    "background_art": "https://m.nkd.su/user/art/bg/5F15E02D65C1DD39_44.jpg"
  }
},
{
  "pk": "4E248065F8D91EBC",
  "model": "vote.track",
  "fields": {
    "id3_title": "STRIKE WITCHES 2 ~Egao no Mahou~",
    "id3_artist": "Ishida Yoko",
    "id3_album": "Strike Witches 2 OP",
    "msec": 252943,
    "added": "2012-11-16T00:05:05Z",
    "revealed": "2012-11-16T00:05:05Z",
    "hidden": false,
    "inudesu": false,
    "background_art": "https://m.nkd.su/user/art/bg/4E248065F8D91EBC_35.jpg"
  }
},
{
  "pk": "F88E37ADFBDBF489",
  "model": "vote.track",
  "fields": {
    "id3_title": "Koi Boudou",
    "id3_artist": "HAPPY BIRTHDAY",
    "id3_album": "Binbougami ga! ED",
    "msec": 247431,
    "added": "2012-11-16T00:05:05Z",
    "revealed": "2012-11-16T00:05:05Z",
    "hidden": false,
    "inudesu": false,
    "background_art": "https://m.nkd.su/user/art/bg/F88E37ADFBDBF489_45.jpg"
  }
},
{
  "pk": "CA86F22211C8F408",
  "model": "vote.track",
  "fields": {
    "id3_title": "BLAZE",
    "id3_artist": "KOTOKO",
    "id3_album": "Shakugan no Shana II OP2",
    "msec": 306442,
    "added": "2012-11-16T00:05:05Z",
    "revealed": "2012-11-16T00:05:05Z",
    "hidden": false,
    "inudesu": false,
    "background_art": "https://m.nkd.su/user/art/bg/CA86F22211C8F408_54.jpg"
  }
},
{
  "pk": "110E36B1F89E408B",
  "model": "vote.track",
  "fields": {
    "id3_title": "Rise",
    "id3_artist": "Origa",
    "id3_album": "Ghost in the Shell Stand Alone Complex 2nd Gig OP",
    "msec": 329116,
    "added": "2012-11-16T00:05:05Z",
    "revealed": "2012-11-16T00:05:05Z",
    "hidden": false,
    "inudesu": false,
    "background_art": "https://m.nkd.su/user/art/bg/110E36B1F89E408B_52.jpg"
  }
},
{
  "pk": "D94EDF94088D80B7",
  "model": "vote.track",
  "fields": {
    "id3_title": "Tokkou Yoraou",
    "id3_artist": "Toshihiko Sahashi",
    "id3_album": "Full Metal Panic insert/BGM",
    "msec": 76408,
    "added": "2012-11-16T00:05:05Z",
    "revealed": "2012-11-16T00:05:05Z",
    "hidden": false,
    "inudesu": false,
    "background_art": "https://m.nkd.su/user/art/bg/D94EDF94088D80B7_53.jpg"
  }
},
{
  "pk": "7CE03695A95CB801",
  "model": "vote.track",
  "fields": {
    "id3_title": "Yume ~Mugen no Kanata~",
    "id3_artist": "ViViD",
    "id3_album": "Level E ED",
    "msec": 228310,
    "added": "2012-11-16T00:05:05Z",
    "revealed": "2012-11-16T00:05:05Z",
    "hidden": false,
    "inudesu": false,
    "background_art": "https://m.nkd.su/user/art/bg/7CE03695A95CB801_35.jpg"
  }
},
{
  "pk": "4871E43CBD44115E",
  "model": "vote.track",
  "fields": {
    "id3_title": "Eternal Blaze",
    "id3_artist": "Nana Mizuki",
    "id3_album": "Mahou Shoujo Lyrical Nanoha A's OP",
    "msec": 310857,
    "added": "2012-11-16T00:05:05Z",
    "revealed": "2012-11-16T00:05:05Z",
    "hidden": false,
    "inudesu": false,
    "background_art": "https://m.nkd.su/user/art/bg/4871E43CBD44115E_44.jpg"
  }
},
{
  "pk": "85EAF9B2978A9EB5",
  "model": "vote.track",
  "fields": {
    "id3_title": "Calendrier -Yuuko-",
    "id3_artist": "Hara Yumi",
    "id3_album": "Tasogare Otome x Amnesia ED2",
    "msec": 241815,
    "added": "2012-11-16T00:05:05Z",
    "revealed": "2012-11-16T00:05:05Z",
    "hidden": false,
    "inudesu": false,
    "background_art": "https://m.nkd.su/user/art/bg/85EAF9B2978A9EB5_53.jpg"
  }
},
{
  "pk": "FEADD8D78F379400",
  "model": "vote.track",
  "fields": {
    "id3_title": "LOST CHILD",
    "id3_artist": "Momoiro Clover Z",
    "id3_album": "Mouretsu Uchuu Kaizoku/Bodacious Space Pirates ED",
    "msec": 305737,
    "added": "2012-11-16T00:05:05Z",
    "revealed": "2012-11-16T00:05:05Z",
    "hidden": false,
    "inudesu": false,
    "background_art": "https://m.nkd.su/user/art/bg/FEADD8D78F379400_42.jpg"
  }
},
{
  "pk": "A42AF277F046DBC1",
  "model": "vote.track",
  "fields": {
    "id3_title": "Boku ni Invitation",
    "id3_artist": "JP",
    "id3_album": "Shirokuma Cafe/Polar Bear Caf\u00e9 OP",
    "msec": 280424,
    "added": "2012-11-16T00:05:05Z",
    "revealed": "2012-11-16T00:05:05Z",
    "hidden": false,
    "inudesu": false,
    "background_art": "https://m.nkd.su/user/art/bg/A42AF277F046DBC1_45.jpg"
  }
},
{
  "pk": "1B76A0F5B177841F",
  "model": "vote.track",
  "fields": {
    "id3_title": "sky's the limit",
    "id3_artist": "Shihoko Hirata",
    "id3_album": "Persona 4 the Animation OP2",
    "msec": 254458,
    "added": "2012-11-16T00:05:05Z",
    "revealed": "2012-11-16T00:05:05Z",
    "hidden": false,
    "inudesu": false,
    "background_art": "https://m.nkd.su/user/art/bg/1B76A0F5B177841F_36.jpg"
  }
},
{
  "pk": "EBE7330516D016B2",
  "model": "vote.track",
  "fields": {
    "id3_title": "Marionette",
    "id3_artist": "ROLLY and Zetsubou Shoujo-tachi",
    "id3_album": "Zoku Sayonara Zetsubou-sensei S2 ED2",
    "msec": 209214,
    "added": "2012-11-16T00:05:05Z",
    "revealed": "2012-11-16T00:05:05Z",
    "hidden": false,
    "inudesu": false,
    "background_art": null
  }
},
{
  "pk": "C673D28E86983DEC",
  "model": "vote.track",
  "fields": {
    "id3_title": "Omae no Tou-chan Chome-Chome",
    "id3_artist": "Tsu Terakado",
    "id3_album": "Gintama EP6, 30, 159 Insert",
    "msec": 224809,
    "added": "2012-11-16T00:05:05Z",
    "revealed": "2012-11-16T00:05:05Z",
    "hidden": false,
    "inudesu": false,
    "background_art": "https://m.nkd.su/user/art/bg/C673D28E86983DEC_44.jpg"
  }
},
{
  "pk": "84F1A69A5C6E75E7",
  "model": "vote.track",
  "fields": {
    "id3_title": "Donten",
    "id3_artist": "DOES",
    "id3_album": "Gintama OP5",
    "msec": 190641,
    "added": "2012-11-16T00:05:05Z",
    "revealed": "2012-11-16T00:05:05Z",
    "hidden": false,
    "inudesu": false,
    "background_art": "https://m.nkd.su/user/art/bg/84F1A69A5C6E75E7_51.jpg"
  }
},
{
  "pk": "4084164616C23ED4",
  "model": "vote.track",
  "fields": {
    "id3_title": "Wo Ai Ni",
    "id3_artist": "Takahashi Hitomi and BEAT CRUSADERS",
    "id3_album": "Gintama ED14",
    "msec": 242886,
    "added": "2012-11-16T00:05:05Z",
    "revealed": "2012-11-16T00:05:05Z",
    "hidden": false,
    "inudesu": false,
    "background_art": null
  }
},
{
  "pk": "345EC65DD7CB5A02",
  "model": "vote.track",
  "fields": {
    "id3_title": "Speed of flow",
    "id3_artist": "RODEO CARBURETTOR",
    "id3_album": "Gintama ED8",
    "msec": 229067,
    "added": "2012-11-16T00:05:05Z",
    "revealed": "2012-11-16T00:05:05Z",
    "hidden": false,
    "inudesu": false,
    "background_art": "https://m.nkd.su/user/art/bg/345EC65DD7CB5A02_45.jpg"
  }
},
{
  "pk": "9A67DD4550BA842E",
  "model": "vote.track",
  "fields": {
    "id3_title": "Omae no Nii\u2013chan XX hikikomori",
    "id3_artist": "Tsu Terakado",
    "id3_album": "Gintama EP30, 92, 158, 160 Insert",
    "msec": 276558,
    "added": "2012-11-16T00:05:05Z",
    "revealed": "2012-11-16T00:05:05Z",
    "hidden": false,
    "inudesu": false,
    "background_art": "https://m.nkd.su/user/art/bg/9A67DD4550BA842E_35.jpg"
  }
},
{
  "pk": "E0A6606F4AC1F820",
  "model": "vote.track",
  "fields": {
    "id3_title": "Little Princess",
    "id3_artist": "Lilpri",
    "id3_album": "Lilpri OP1",
    "msec": 229485,
    "added": "2012-11-16T00:05:05Z",
    "revealed": "2012-11-16T00:05:05Z",
    "hidden": false,
    "inudesu": false,
    "background_art": "https://m.nkd.su/user/art/bg/E0A6606F4AC1F820_44.jpg"
  }
},
{
  "pk": "EA06304123C70829",
  "model": "vote.track",
  "fields": {
    "id3_title": "Preserved Roses",
    "id3_artist": "T.M.Revolution and Mizuki Nana",
    "id3_album": "Kakumeiki Valvrave OP",
    "msec": 213028,
    "added": "2012-11-16T00:05:05Z",
    "revealed": "2012-11-16T00:05:05Z",
    "hidden": false,
    "inudesu": false,
    "background_art": null
  }
},

{
  "pk": 1,
  "model": "vote.vote",
  "fields": {
    "kind": "email",
    "twitter_user": null,
    "show": 7,
    "text": "",
    "tweet_id": null,
    "tracks": [
      "5F15E02D65C1DD39"
    ],
    "date": "2012-10-06T19:55:04.474Z",
    "name": "kirk"
  }
},
{
  "pk": 2,
  "model": "vote.vote",
  "fields": {
    "kind": "email",
    "twitter_user": null,
    "show": 7,
    "text": "",
    "tweet_id": null,
    "tracks": [
      "4E248065F8D91EBC"
    ],
    "date": "2012-10-06T19:55:23.485Z",
    "name": "l-rouge"
  }
},
{
  "pk": 3,
  "model": "vote.vote",
  "fields": {
    "kind": "tweet",
    "twitter_user": null,
    "show": 7,
    "text": "",
    "tweet_id": null,
    "tracks": [
      "F88E37ADFBDBF489"
    ],
    "date": "2012-10-06T19:55:44.521Z",
    "name": "fakeigniz"
  }
},
{
  "pk": 4,
  "model": "vote.vote",
  "fields": {
    "kind": "tweet",
    "twitter_user": null,
    "show": 7,
    "text": "",
    "tweet_id": null,
    "tracks": [
      "CA86F22211C8F408"
    ],
    "date": "2012-10-06T19:56:16.995Z",
    "name": "amgitskriss"
  }
},
{
  "pk": 5,
  "model": "vote.vote",
  "fields": {
    "kind": "email",
    "twitter_user": null,
    "show": 7,
    "text": "",
    "tweet_id": null,
    "tracks": [
      "110E36B1F89E408B"
    ],
    "date": "2012-10-06T19:56:31.384Z",
    "name": "glenn"
  }
},
{
  "pk": 1,
  "model": "vote.play",
  "fields": {
    "date": "2012-08-25T20:59:27Z",
    "track": "D94EDF94088D80B7",
    "tweet_id": null,
    "show": 1
  }
},
{
  "pk": 2,
  "model": "vote.play",
  "fields": {
    "date": "2012-09-15T20:22:47Z",
    "track": "7CE03695A95CB801",
    "tweet_id": null,
    "show": 4
  }
},
{
  "pk": 3,
  "model": "vote.play",
  "fields": {
    "date": "2012-09-29T21:36:37Z",
    "track": "4871E43CBD44115E",
    "tweet_id": null,
    "show": 6
  }
},
{
  "pk": 4,
  "model": "vote.play",
  "fields": {
    "date": "2012-09-15T20:17:29Z",
    "track": "85EAF9B2978A9EB5",
    "tweet_id": null,
    "show": 4
  }
},
{
  "pk": 5,
  "model": "vote.play",
  "fields": {
    "date": "2012-09-29T21:07:05Z",
    "track": "FEADD8D78F379400",
    "tweet_id": null,
    "show": 6
  }
},
{
  "pk": 28,
  "model": "vote.vote",
  "fields": {
    "kind": "",
    "twitter_user": 2,
    "show": 5,
    "text": "@nkdsu A42AF277F046DBC1 PANDA CAR BITCHES",
    "tweet_id": 249530389985644544,
    "tracks": [
      "A42AF277F046DBC1"
    ],
    "date": "2012-09-22T15:27:35Z",
    "name": ""
  }
},
{
  "pk": 29,
  "model": "vote.vote",
  "fields": {
    "kind": "",
    "twitter_user": 2,
    "show": 7,
    "text": "@nkdsu 1B76A0F5B177841F",
    "tweet_id": 253621085164163072,
    "tracks": [
      "1B76A0F5B177841F"
    ],
    "date": "2012-10-03T22:22:33Z",
    "name": ""
  }
},
{
  "pk": 30,
  "model": "vote.vote",
  "fields": {
    "kind": "",
    "twitter_user": 1,
    "show": 7,
    "text": "@nkdsu EBE7330516D016B2 TEACHERS PET",
    "tweet_id": 254368298580463616,
    "tracks": [
      "EBE7330516D016B2"
    ],
    "date": "2012-10-05T23:51:42Z",
    "name": ""
  }
},
{
  "pk": 1,
  "model": "vote.block",
  "fields": {
    "track": "C673D28E86983DEC",
    "reason": "there was a lot of gintama last week",
    "show": 8
  }
},
{
  "pk": 2,
  "model": "vote.block",
  "fields": {
    "track": "84F1A69A5C6E75E7",
    "reason": "there was a lot of gintama last week",
    "show": 8
  }
},
{
  "pk": 3,
  "model": "vote.block",
  "fields": {
    "track": "4084164616C23ED4",
    "reason": "there was a lot of gintama last week",
    "show": 8
  }
},
{
  "pk": 4,
  "model": "vote.block",
  "fields": {
    "track": "345EC65DD7CB5A02",
    "reason": "there was a lot of gintama last week",
    "show": 8
  }
},
{
  "pk": 5,
  "model": "vote.block",
  "fields": {
    "track": "9A67DD4550BA842E",
    "reason": "there was a lot of gintama last week",
    "show": 8
  }
},
{
  "pk": 1,
  "model": "vote.shortlist",
  "fields": {
    "track": "E0A6606F4AC1F820",
    "index": 0,
    "show": 73
  }
},
{
  "pk": 1,
  "model": "vote.discard",
  "fields": {
    "track": "EA06304123C70829",
    "show": 73
  }
},
{
  "pk": 1,
  "model": "vote.request",
  "fields": {
    "successful": true,
    "blob": "{\"trivia\": \"borderlands\", \"trivia_question\": \"We have always treaded ____\", \"details\": \"Should be \\\"THE iDOLM@STER\\\" - there is no \\\"the\\\" at the moment.\", \"contact\": \"\"}",
    "created": "2014-01-05T23:30:04.751Z"
  }
},
{
  "pk": 2,
  "model": "vote.note",
  "fields": {
    "track": "0007C3F2760E0541",
    "content": "not public, universal",
    "public": false,
    "show": null
  }
},
{
  "pk": 3,
  "model": "vote.note",
  "fields": {
    "track": "0007C3F2760E0541",
    "content": "public; universal",
    "public": true,
    "show": null
  }
},
{
  "pk": 4,
  "model": "vote.note",
  "fields": {
    "track": "0007C3F2760E0541",
    "content": "not public; just for this show",
    "public": false,
    "show": 79
  }
},
{
  "pk": 5,
  "model": "vote.note",
  "fields": {
    "track": "0007C3F2760E0541",
    "content": "public; just for this show",
    "public": true,
    "show": 79
  }
}
]
